News website	Country	Flag	May 26 visits	YoY % change	MoM % change
bbc.com + bbc.co.uk	UK	:gb:	894,721,316.00	-1.90%	-2.39%
news.yahoo.co.jp	Japan	:jp:	815,360,187.00	-11.50%	0.40%
globo.com	Brazil	:br:	758,658,069.00	-4.60%	-0.70%
nytimes.com	US	:us:	592,641,900.00	-5.10%	-6.70%
msn.com	US	:us:	452,052,320.00	-9.70%	3.20%
cnn.com	US	:us:	357,723,437.00	-23.00%	-22.00%
qq.com	China	:cn:	345,335,471.00	-18.30%	1.20%
indiatimes.com	India	:in:	309,494,917.00	-19.00%	-3.20%
news.google.com	US	:us:	286,754,115.00	-11.10%	-1.00%
theguardian.com	UK	:gb:	275,639,205.00	-6.70%	-8.40%
foxnews.com	US	:us:	229,904,834.00	-9.70%	-7.80%
uol.com.br	Brazil	:br:	227,286,159.00	-21.70%	1.50%
finance.yahoo.com	US	:us:	221,490,760.00	1.10%	1.80%
news.naver.com	South Korea	:kr:	214,594,125.00	-10.60%	1.90%
dailymail.com*	UK	:gb:	209,926,121.00	-6.53%	8.51%
ndtv.com	India	:in:	207,239,219.00	10.30%	3.30%
infobae.com	Argentina	:ar:	199,016,008.00	-32.70%	-6.90%
bild.de	Germany	:de:	194,466,741.00	2.00%	-3.90%
auone.jp	Japan	:jp:	180,804,029.00	3.50%	0.60%
onet.pl	Poland	:pl:	176,848,381.00	-40.80%	-0.30%
people.com	US	:us:	166,767,920.00	-13.00%	-1.20%
substack.com	US	:us:	164,453,460.00	49.10%	0.00%
fmkorea.com	South Korea	:kr:	156,916,716.00	35.60%	8.20%
wp.pl	Poland	:pl:	155,206,981.00	-38.50%	-3.60%
aajtak.in	India	:in:	147,143,475.00	-17.50%	-3.70%
news.yahoo.com	US	:us:	140,001,576.00	-19.00%	-2.70%
vnexpress.net	Vietnam	:vn:	132,605,331.00	-2.40%	-2.10%
livedoor.jp	Japan	:jp:	129,415,311.00	-32.00%	1.50%
interia.pl	Poland	:pl:	124,782,568.00	-25.80%	0.40%
hindustantimes.com	India	:in:	122,202,742.00	-53.50%	-10.00%
detik.com	Indonesia	:id:	119,158,298.00	-24.50%	-3.20%
t-online.de	Germany	:de:	116,021,304.00	-26.80%	-0.90%
163.com	China	:cn:	115,846,148.00	-15.00%	2.80%
news18.com	India	:in:	113,717,551.00	-27.90%	4.40%
elpais.com	Spain	:es:	112,661,766.00	1.10%	-2.00%
corriere.it	Italy	:it:	111,652,188.00	-1.50%	-3.10%
n-tv.de	Germany	:de:	109,243,773.00	-16.70%	-16.50%
elmundo.es	Spain	:es:	107,914,895.00	0.50%	7.20%
rbc.ru	Russia	:ru:	105,883,701.00	-16.60%	-11.90%
abplive.com	India	:in:	101,289,575.00	-2.10%	-22.20%
usatoday.com	US	:us:	99,971,466.00	-20.00%	-9.00%
nypost.com	US	:us:	95,779,159.00	-24.90%	1.50%
eenadu.net	India	:in:	95,581,800.00	10.30%	0.80%
cnbc.com	US	:us:	92,749,205.00	-26.90%	-14.10%
nu.nl	The Netherlands 	:nl:	91,906,146.00	9.60%	-0.10%
novinky.cz	Czech Republic	:cz:	89,734,103.00	-2.90%	-3.20%
nikkei.com	Japan	:jp:	89,482,939.00	3.70%	0.20%
indianexpress.com	India	:in:	88,905,480.00	-40.40%	0.40%
aljazeera.com	Qatar	:Qa:	86,715,217.00	68.50%	-38.30%
wsj.com	:us:	:us:	83,024,680.00	2.30%	-8.70%
